,precision,recall,f1-score,support
NEGATIVE,0.6748466257668712,0.6214689265536724,0.6470588235294118,177.0
NEUTRAL,0.6994818652849741,0.645933014354067,0.6716417910447762,209.0
POSITIVE,0.6242424242424243,0.762962962962963,0.6866666666666666,135.0
accuracy,0.6679462571976967,0.6679462571976967,0.6679462571976967,0.6679462571976967
macro avg,0.6661903050980899,0.6767883012902342,0.6684557604136182,521.0
weighted avg,0.6716166792284513,0.6679462571976967,0.6671833898139427,521.0
