topics,coherence_cv
3,0.2593529401023484
4,0.35196132431344307
5,0.38779143752894923
6,0.3860254839198329
7,0.4199380938283898
8,0.35647140716754394
9,0.36658585384430764
10,0.3739524252111957
