dominant_topic,NEGATIVE,NEUTRAL,POSITIVE
0,36.02015113350126,51.13350125944584,12.846347607052897
1,43.69158878504673,33.177570093457945,23.130841121495326
2,32.30452674897119,29.01234567901235,38.68312757201646
3,37.073170731707314,42.4390243902439,20.48780487804878
4,32.63888888888889,45.601851851851855,21.75925925925926
5,36.38676844783715,43.25699745547074,20.35623409669211
6,28.934817170111288,31.63751987281399,39.42766295707472
