accuracy,loss,val_accuracy,val_loss
0.4536464810371399,1.0293270349502563,0.5125240683555603,0.9702209830284119
0.5245158672332764,0.8683316707611084,0.5279383659362793,0.9742333292961121
0.5970333814620972,0.7403615117073059,0.560693621635437,0.9572657346725464
0.6514214873313904,0.6178472638130188,0.576107919216156,0.9802374243736267
0.7301194667816162,0.5528762936592102,0.5780346989631653,1.130942940711975
0.8215904235839844,0.42641690373420715,0.6146435737609863,1.1901288032531738
