model,accuracy,macro_f1,f1_negative,f1_neutral,f1_positive
TF-IDF + SVM,0.6948176583493282,0.6954186584282538,0.6822157434402333,0.6968973747016707,0.7071428571428572
DistilBERT,0.6679462571976967,0.6684557604136182,0.6470588235294118,0.6716417910447762,0.6866666666666666
Word2Vec + SVM,0.6525911708253359,0.655587502396013,0.6378378378378379,0.6329787234042553,0.6959459459459459
CNN-LSTM + SVM,0.5930902111324377,0.5839585022979183,0.46715328467153283,0.625,0.6597222222222222
